{
  "HTTP Request-3" : {
    "transaction" : "HTTP Request-3",
    "sampleCount" : 20,
    "errorCount" : 0,
    "errorPct" : 0.0,
    "meanResTime" : 49.3,
    "medianResTime" : 49.0,
    "minResTime" : 47.0,
    "maxResTime" : 53.0,
    "pct1ResTime" : 51.900000000000006,
    "pct2ResTime" : 52.95,
    "pct3ResTime" : 53.0,
    "throughput" : 33.333333333333336,
    "receivedKBytesPerSec" : 25.162760416666668,
    "sentKBytesPerSec" : 14.500325520833334
  },
  "HTTP Request-2" : {
    "transaction" : "HTTP Request-2",
    "sampleCount" : 20,
    "errorCount" : 0,
    "errorPct" : 0.0,
    "meanResTime" : 62.10000000000001,
    "medianResTime" : 61.5,
    "minResTime" : 59.0,
    "maxResTime" : 67.0,
    "pct1ResTime" : 65.80000000000001,
    "pct2ResTime" : 66.95,
    "pct3ResTime" : 67.0,
    "throughput" : 32.414910858995135,
    "receivedKBytesPerSec" : 34.35379102512156,
    "sentKBytesPerSec" : 17.392942159643436
  },
  "HTTP Request-4" : {
    "transaction" : "HTTP Request-4",
    "sampleCount" : 20,
    "errorCount" : 0,
    "errorPct" : 0.0,
    "meanResTime" : 104.35000000000001,
    "medianResTime" : 100.5,
    "minResTime" : 92.0,
    "maxResTime" : 135.0,
    "pct1ResTime" : 121.30000000000001,
    "pct2ResTime" : 134.35,
    "pct3ResTime" : 135.0,
    "throughput" : 30.581039755351682,
    "receivedKBytesPerSec" : 605.6613747133027,
    "sentKBytesPerSec" : 13.422508123088685
  },
  "HTTP Request-1" : {
    "transaction" : "HTTP Request-1",
    "sampleCount" : 200,
    "errorCount" : 0,
    "errorPct" : 0.0,
    "meanResTime" : 102.17999999999999,
    "medianResTime" : 104.0,
    "minResTime" : 42.0,
    "maxResTime" : 191.0,
    "pct1ResTime" : 130.8,
    "pct2ResTime" : 140.0,
    "pct3ResTime" : 149.99,
    "throughput" : 28.00336040324839,
    "receivedKBytesPerSec" : 503.0910349866984,
    "sentKBytesPerSec" : 10.44396811992439
  },
  "Total" : {
    "transaction" : "Total",
    "sampleCount" : 660,
    "errorCount" : 20,
    "errorPct" : 3.030303,
    "meanResTime" : 107.57424242424253,
    "medianResTime" : 101.5,
    "minResTime" : 42.0,
    "maxResTime" : 358.0,
    "pct1ResTime" : 160.0,
    "pct2ResTime" : 214.94999999999993,
    "pct3ResTime" : 333.39,
    "throughput" : 91.02192800992967,
    "receivedKBytesPerSec" : 1154.2454273548476,
    "sentKBytesPerSec" : 47.95378439180802
  },
  "HTTP Request-0" : {
    "transaction" : "HTTP Request-0",
    "sampleCount" : 200,
    "errorCount" : 0,
    "errorPct" : 0.0,
    "meanResTime" : 53.47499999999999,
    "medianResTime" : 49.0,
    "minResTime" : 44.0,
    "maxResTime" : 106.0,
    "pct1ResTime" : 73.70000000000002,
    "pct2ResTime" : 76.0,
    "pct3ResTime" : 105.93000000000006,
    "throughput" : 27.99160251924423,
    "receivedKBytesPerSec" : 22.28749343946816,
    "sentKBytesPerSec" : 9.944809525892232
  },
  "HTTP Request" : {
    "transaction" : "HTTP Request",
    "sampleCount" : 200,
    "errorCount" : 20,
    "errorPct" : 10.0,
    "meanResTime" : 177.765,
    "medianResTime" : 154.0,
    "minResTime" : 142.0,
    "maxResTime" : 358.0,
    "pct1ResTime" : 301.3000000000003,
    "pct2ResTime" : 321.0,
    "pct3ResTime" : 341.98,
    "throughput" : 27.582402427251413,
    "receivedKBytesPerSec" : 577.1227136774238,
    "sentKBytesPerSec" : 23.97689219590401
  }
}